Period,Revenue,Expense
1,6498.59,2304.3225027777776
2,6498.59,2304.3225027777776
3,6498.59,2304.3225027777776
4,6498.59,2304.3225027777776
5,6498.59,2304.3225027777776
6,6498.59,2304.3225027777776
7,6498.59,2304.3225027777776
8,6498.59,2304.3225027777776
9,6498.59,2304.3225027777776
10,6498.59,2304.3225027777776
11,6498.59,2304.3225027777776
12,6498.59,2304.3225027777776
