Period,Revenue,Expense
1,88880534.16666667,49718288.11111111
2,88880534.16666667,49718288.11111111
3,88880534.16666667,49718288.11111111
4,88880534.16666667,49718288.11111111
5,88880534.16666667,49718288.11111111
6,88880534.16666667,49718288.11111111
7,88880534.16666667,49718288.11111111
8,88880534.16666667,49718288.11111111
9,88880534.16666667,49718288.11111111
10,88880534.16666667,49718288.11111111
11,88880534.16666667,49718288.11111111
12,88880534.16666667,49718288.11111111
