Period,Revenue,Expense
1,64985900.0,23043225.027777776
2,64985900.0,23043225.027777776
3,64985900.0,23043225.027777776
4,64985900.0,23043225.027777776
5,64985900.0,23043225.027777776
6,64985900.0,23043225.027777776
7,64985900.0,23043225.027777776
8,64985900.0,23043225.027777776
9,64985900.0,23043225.027777776
10,64985900.0,23043225.027777776
11,64985900.0,23043225.027777776
12,64985900.0,23043225.027777776
