Period,Revenue,Expense
1,5859.155758663098,2077.5867475817645
2,5690.353075146167,2017.7313293822258
3,7979.22046762573,2829.336406539725
4,6691.820729008454,2372.839814545767
5,5115.430926308588,1813.8707927255375
6,7177.153484840803,2544.933021010497
7,8316.763487395436,2949.0251353425724
8,7285.601301801599,2583.387323405307
9,4870.828542487742,1727.1377048908746
10,5850.365908714822,2074.4699716300806
11,7507.454789648234,2662.053924062486
12,5638.931528359343,1999.4978622164995
