Period,Revenue,Expense
1,8888.053416666668,4971.8288111111115
2,8888.053416666668,4971.8288111111115
3,8888.053416666668,4971.8288111111115
4,8888.053416666668,4971.8288111111115
5,8888.053416666668,4971.8288111111115
6,8888.053416666668,4971.8288111111115
7,8888.053416666668,4971.8288111111115
8,8888.053416666668,4971.8288111111115
9,8888.053416666668,4971.8288111111115
10,8888.053416666668,4971.8288111111115
11,8888.053416666668,4971.8288111111115
12,8888.053416666668,4971.8288111111115
