Period,Revenue,Expense
1,47765934.487350196,16937230.646249443
2,55034663.64846871,19514635.30980914
3,98647038.61517975,34979063.291167326
4,102800598.13581891,36451865.956058584
5,62303392.80958722,22092039.97336884
6,100723818.37549934,35715464.62361296
7,65418562.45006658,23196641.97203728
8,88263139.8135819,31297056.62893919
9,33228476.165113185,11782421.319130048
10,90339919.57390146,32033457.961384814
11,34266866.04527297,12150621.98535286
12,1038389.880159787,368200.666222814
