Period,Revenue,Expense
1,85822053.01158087,30431476.364745755
2,71113259.83723904,25215913.742647726
3,45211976.40903121,16031627.573733479
4,66754613.09689483,23670389.59580446
5,58492102.45328592,20740601.87177372
6,73241755.51462899,25970652.922450557
7,57218651.148310415,20289051.227980718
8,63820785.94640669,22630089.481144167
9,69857366.54924355,24770588.962254506
10,73371520.56191833,26016666.060460936
11,53246605.8476368,18880611.34049821
12,61680109.6238235,21871031.18983913
