Period,EBIT
1,45660.49699507469
2,47419.18231129917
3,43210.710537593804
4,56295.27752083097
5,37945.163183378594
6,37813.51882182058
7,37732.83970649446
8,38201.959914004576
9,59845.34114254017
10,49996.58140544356
11,55053.55805904318
12,41833.3094209398
