Period,Revenue,Expense
1,1500.0,7500.0
2,1635.0000000000002,0.0
3,1587.6,0.0
4,1572.9,0.0
5,1558.2,0.0
6,1543.5,0.0
7,1513.2,0.0
8,1483.1999999999998,0.0
9,1468.8000000000002,0.0
10,1454.4,0.0
