Period,Revenue,Expense
1,864269887.6404495,420644340.434457
2,232191910.11235952,113008927.28089887
3,322488764.04494387,156956843.4456929
4,1225457303.3707864,596436005.0936329
5,696575730.3370786,339026781.8426966
6,748173932.5842698,364139876.79400754
7,864269887.6404495,420644340.434457
8,593379325.8426967,288800591.9400749
9,309589213.4831461,150678569.70786518
10,412785617.9775281,200904759.61048692
11,606278876.4044944,295078865.67790264
12,12899550.561797753,6278273.737827716
