Period,Revenue,Expense
1,0.0,2000
2,0.0,2000
3,0.0,2000
4,0.0,2000
5,0.0,2000
6,0.0,2000
7,2116.6010488516736,2000
8,2116.6010488516736,2000
9,2116.6010488516736,2000
10,2116.6010488516736,2000
11,2116.6010488516736,2000
12,2116.6010488516736,2000
13,2116.6010488516736,0
14,2116.6010488516736,0
15,2116.6010488516736,0
16,2116.6010488516736,0
17,2116.6010488516736,0
18,2116.6010488516736,0
